sneaker-title,img_url
"New Balance 2002R Protection Pack Sea Salt","https://images.stockx.com/360/New-Balance-M2002-Protection-Pack-Sea-Sault/Images/New-Balance-M2002-Protection-Pack-Sea-Sault/Lv2/img01.jpg?w=576&q=57&dpr=2&updated_at=1649743803&h=384"
"Nike Dunk Low Seoul","https://images.stockx.com/360/Nike-Dunk-Low-South-Korea/Images/Nike-Dunk-Low-South-Korea/Lv2/img01.jpg?auto=compress&w=480&q=90&dpr=2&updated_at=1634921137&h=320&fm=webp"
"Adidas Adilette Slides Palace Palaste Light Yellow","https://images.stockx.com/images/adidas-Adilette-Slides-Palace-Yellow.jpg?fit=fill&bg=FFFFFF&w=480&h=320&auto=compress&q=90&dpr=2&trim=color&updated_at=1628839991&pad=0&fm=webp"
"Reebok Pump Omni Zone II Juun.J Brown","https://images.stockx.com/360/Reebok-Pump-Omni-Zone-II-JuunJ-Brown/Images/Reebok-Pump-Omni-Zone-II-JuunJ-Brown/Lv2/img01.jpg?auto=compress&w=480&q=90&dpr=2&updated_at=1634319374&h=320&fm=webp"
"Puma Suede Vintage WTFormstripe Peyote China Blue","https://images.stockx.com/images/Puma-Suede-Vintage-WTFormstripe-Peyote-China-Blue.jpg?fit=fill&bg=FFFFFF&w=480&h=320&auto=compress&q=90&dpr=2&trim=color&updated_at=1632453533&pad=0&fm=webp"
"Vans Vault Sk8-Mid LX JJJJound Brown","https://images.stockx.com/360/Vans-Vault-Sk8-Mid-LX-JJJJound-Brown/Images/Vans-Vault-Sk8-Mid-LX-JJJJound-Brown/Lv2/img01.jpg?auto=compress&w=480&q=90&dpr=2&updated_at=1631123273&h=320&fm=webp"
"Nike Dunk Low Seoul (Special Gift)","https://images.stockx.com/images/Nike-Dunk-Low-Seoul-Special-Gift.jpg?fit=fill&bg=FFFFFF&w=480&h=320&auto=compress&q=90&dpr=2&trim=color&updated_at=1629777771&pad=0&fm=webp"
"Adidas Ultra Boost 21 Nebraska","https://images.stockx.com/360/adidas-Ultra-Boost-2021-Nebraska/Images/adidas-Ultra-Boost-2021-Nebraska/Lv2/img01.jpg?w=576&q=57&dpr=2&updated_at=1670430070&h=384"
"Adidas Superstar 80s Neighborhood Olive","https://images.stockx.com/360/adidas-Campus-Neighborhood-SS80S-Dark-Green/Images/adidas-Campus-Neighborhood-SS80S-Dark-Green/Lv2/img01.jpg?w=576&q=57&dpr=2&updated_at=1692211801&h=384"
"Travis Scott x Jordan Air Jordan 1 Low Golf","https://images.stockx.com/360/Air-Jordan-1-Retro-Low-Golf-Travis-Scott-Neutral-Olive/Images/Air-Jordan-1-Retro-Low-Golf-Travis-Scott-Neutral-Olive/Lv2/img01.jpg?w=576&q=57&dpr=2&updated_at=1697207171&h=384"
"Nike Air Max 95 Lux Supreme Blue","https://images.stockx.com/images/Nike-Air-Max-95-Lux-Supreme-Blue.png?fit=fill&bg=FFFFFF&w=576&h=384&q=57&dpr=2&trim=color&updated_at=1607653735"
"Hoka One One Mafate Speed 2 White Lunar Rock (All Gender)","https://images.stockx.com/360/Hoka-One-One-Mafate-Speed-2-White-Lunar-Rock-All-Gender/Images/Hoka-One-One-Mafate-Speed-2-White-Lunar-Rock-All-Gender/Lv2/img01.jpg?w=576&q=57&dpr=2&updated_at=1692367888&h=384"